customer_id,churn_score,churn_pred,risk_segment
4376-KFVRS,0.026846493,0,low
2754-SDJRD,0.95606107,1,high
9917-KWRBE,0.086414516,0,low
0365-GXEZS,0.37683696,0,medium
9385-NXKDA,0.022949774,0,low
4686-UXDML,0.8977791,1,high
2227-JRSJX,0.6649685,1,high
4830-FAXFM,0.119431354,0,low
1830-IPXVJ,0.03440538,0,low
4690-LLKUA,0.8579127,1,high
5804-HYIEZ,0.37068805,0,medium
2388-LAESQ,0.029934075,0,low
5533-RJFTJ,0.54661703,1,medium
4706-AXVKM,0.90994006,1,high
0997-YTLNY,0.17370771,0,low
7971-HLVXI,0.05538788,0,low
7337-CINUD,0.038436256,0,low
1379-FRVEB,0.8563881,1,high
4753-PADAS,0.42268372,0,medium
5701-GUXDC,0.08976335,0,low
7235-NXZCP,0.8883263,1,high
0668-OGMHD,0.59158224,1,medium
2812-REYAT,0.026896238,0,low
8779-YIQQA,0.05181261,0,low
9701-CDXHR,0.26402292,0,low
7130-CTCUS,0.40828067,0,medium
1894-IGFSG,0.51282436,1,medium
0871-URUWO,0.9129841,1,high
0057-QBUQH,0.034486488,0,low
9611-CTWIH,0.89975333,1,high
8058-DMYRU,0.62939894,1,high
5351-QESIO,0.7065566,1,high
4302-ZYFEL,0.005517295,0,low
6134-KWTBV,0.037715778,0,low
2034-GDRCN,0.93576646,1,high
9544-PYPSJ,0.19073766,0,low
4208-UFFGW,0.7173052,1,high
9537-JALFH,0.010343448,0,low
4415-IJZTP,0.94959086,1,high
4701-MLJPN,0.19216026,0,low
7515-LODFU,0.012768501,0,low
4927-WWOOZ,0.95358217,1,high
4067-HLYQI,0.78028053,1,high
6184-DYUOB,0.42994228,0,medium
9209-NWPGU,0.12626278,0,low
9851-KIELU,0.6912403,1,high
3199-XGZCY,0.8321045,1,high
4226-KKDON,0.1807378,0,low
1085-LDWAM,0.010932397,0,low
6825-UYPFK,0.2208402,0,low
1767-CJKBA,0.036176626,0,low
7181-BQYBV,0.9706862,1,high
0178-CIIKR,0.27542672,0,low
4256-ZWTZI,0.6430592,1,high
9537-VHDTA,0.55810314,1,medium
2754-XBHTB,0.7503169,1,high
5975-BAICR,0.13812771,0,low
3301-VKTGC,0.076554544,0,low
2877-VDUER,0.03471961,0,low
7717-BICXI,0.0098232115,0,low
0562-FGDCR,0.010555563,0,low
3705-PSNGL,0.01346986,0,low
0048-LUMLS,0.19228826,0,low
6497-TILVL,0.29491127,0,low
2108-YKQTY,0.5372109,1,medium
3658-KIBGF,0.767073,1,high
5482-NUPNA,0.2658075,0,low
7410-KTVFV,0.22925466,0,low
9033-EOXWV,0.45067734,0,medium
8821-XNHVZ,0.9530954,1,high
8224-KDLKN,0.0058195265,0,low
4825-FUREZ,0.015402922,0,low
7534-BFESC,0.78756577,1,high
9138-EFSMO,0.25788695,0,low
4227-OJHAL,0.09296161,0,low
7279-NMVJC,0.08667269,0,low
8591-TKMZH,0.06807652,0,low
9283-LZQOH,0.6533911,1,high
3594-IVHJZ,0.16031873,0,low
1945-XISKS,0.033206068,0,low
4359-INNWN,0.06425308,0,low
7649-SIJJF,0.011428618,0,low
9254-RBFON,0.5887015,1,medium
0970-ETWGE,0.9527878,1,high
7762-ONLJY,0.13812901,0,low
6710-HSJRD,0.4468579,0,medium
8873-GLDMH,0.90006685,1,high
9907-SWKKF,0.80488193,1,high
4658-HCOHW,0.66874796,1,high
9330-VOFSZ,0.08489756,0,low
2860-RANUS,0.7907445,1,high
6234-PFPXL,0.6094138,1,high
7205-BAIAD,0.020788748,0,low
3858-VOBET,0.8315525,1,high
5103-MHMHY,0.6651045,1,high
6119-SPUDB,0.031241665,0,low
9389-ACWBI,0.7530779,1,high
3454-JFUBC,0.015293977,0,low
1768-ZAIFU,0.87927693,1,high
7017-VFULY,0.42101324,0,medium
9221-OTIVJ,0.8696242,1,high
2482-CZGBB,0.73382694,1,high
7018-WBJNK,0.43155277,0,medium
3331-HQDTW,0.32161167,0,medium
4695-VADHF,0.41242015,0,medium
4086-WITJG,0.005943297,0,low
6297-NOOPG,0.26676577,0,low
8777-PVYGU,0.026078317,0,low
4378-MYPGO,0.17449513,0,low
9313-CDOGY,0.08694504,0,low
4121-AGSIN,0.06349759,0,low
0432-CAJZV,0.8780021,1,high
9097-ZUBYC,0.40326014,0,medium
9638-JIQYA,0.7033229,1,high
1024-GUALD,0.8604989,1,high
8024-XNAFQ,0.035040703,0,low
7587-RZNME,0.8450204,1,high
1346-UFHAX,0.58939004,1,medium
6374-NTQLP,0.06391428,0,low
6625-FLENO,0.053631652,0,low
7375-WMVMT,0.011591237,0,low
6910-HADCM,0.9252265,1,high
7401-JIXNM,0.013346731,0,low
7338-ERIVA,0.04046627,0,low
5376-DEQCP,0.9274974,1,high
0909-SELIE,0.0054109404,0,low
5419-KLXBN,0.69521356,1,high
0365-TRTPY,0.15010369,0,low
6712-OAWRH,0.6858681,1,high
2428-ZMCTB,0.23459336,0,low
1963-VAUKV,0.39693454,0,medium
9381-NDKME,0.5390317,1,medium
3729-OWRVL,0.42191038,0,medium
0895-LMRSF,0.35129532,0,medium
2676-SSLTO,0.06036659,0,low
8495-PRWFH,0.39706764,0,medium
9030-QGZNL,0.041142296,0,low
9972-NKTFD,0.13425103,0,low
7998-WNZEM,0.0095456345,0,low
0979-PHULV,0.67718077,1,high
6445-TNRXS,0.1705488,0,low
9586-JGQKH,0.045365535,0,low
3966-HRMZA,0.8009756,1,high
5498-IBWPI,0.032622874,0,low
6823-SIDFQ,0.011487826,0,low
2323-ARSVR,0.18818016,0,low
5468-BPMMO,0.124403626,0,low
0486-HECZI,0.6439025,1,high
2178-PMGCJ,0.54016715,1,medium
4660-IRIBM,0.43031898,0,medium
9674-EHPPG,0.06431608,0,low
5606-AMZBO,0.758846,1,high
0665-XHDJU,0.122722484,0,low
5402-HTOTQ,0.58837646,1,medium
8258-GSTJK,0.9277026,1,high
3787-TRIAL,0.58540624,1,medium
6175-IRFIT,0.80442613,1,high
6317-YPKDH,0.6107745,1,high
5692-FPTAH,0.8003202,1,high
5373-SFODM,0.8198282,1,high
0868-VJRDR,0.11234677,0,low
4079-VTGLK,0.05831545,0,low
1166-PQLGG,0.011709519,0,low
5296-BFCYD,0.014022146,0,low
6568-POCUI,0.051887333,0,low
2839-RFSQE,0.20734134,0,low
2188-SXWVT,0.046843156,0,low
8849-GYOKR,0.3976549,0,medium
3623-FQBOX,0.108600415,0,low
2649-HWLYB,0.07054445,0,low
0599-XNYDO,0.57552403,1,medium
2514-GINMM,0.9701635,1,high
8401-EMUWF,0.055740353,0,low
5766-ZJYBB,0.47296795,0,medium
2604-IJPDU,0.8152991,1,high
2501-XWWTZ,0.5594969,1,medium
6370-ZVHDV,0.031228255,0,low
3027-YNWZU,0.04684928,0,low
4526-ZJJTM,0.70996624,1,high
0440-QEXBZ,0.057987113,0,low
0330-IVZHA,0.69741917,1,high
9758-MFWGD,0.30324116,0,medium
4229-CZMLL,0.90301955,1,high
0742-MOABM,0.36063698,0,medium
4277-BWBML,0.0059515485,0,low
5136-GFPMB,0.42537975,0,medium
7520-HQWJU,0.14711723,0,low
6304-IJFSQ,0.57504714,1,medium
0297-RBCSG,0.42411458,0,medium
6013-BHCAW,0.025037117,0,low
4402-FTBXC,0.21884122,0,low
1471-GIQKQ,0.41494322,0,medium
4283-FUTGF,0.78723,1,high
9548-LERKT,0.023628527,0,low
8059-UDZFY,0.58111775,1,medium
0410-IPFTY,0.83711475,1,high
2478-EEWWM,0.8446783,1,high
4619-EVPHY,0.58770305,1,medium
2277-DJJDL,0.52646327,1,medium
2911-WDXMV,0.32194987,0,medium
3639-XJHKQ,0.532831,1,medium
8173-RXAYP,0.022804765,0,low
4537-CIBHB,0.114014395,0,low
5442-BXVND,0.22778693,0,low
2308-STERM,0.19077578,0,low
7159-NOKYQ,0.2540332,0,low
6075-QMNRR,0.03540599,0,low
3694-GLTJM,0.2908318,0,low
9629-NHXFW,0.7872352,1,high
7167-PCEYD,0.053025335,0,low
2748-MYRVK,0.10920624,0,low
4223-WOZCM,0.8091085,1,high
6946-LMSQS,0.41207916,0,medium
5469-NUJUR,0.021504508,0,low
6388-TABGU,0.028231118,0,low
1261-FWTTE,0.68122816,1,high
8590-YFFQO,0.052890725,0,low
0082-OQIQY,0.46570694,0,medium
9465-RWMXL,0.7898461,1,high
2930-UOTMB,0.2842385,0,low
9128-CPXKI,0.27434638,0,low
0484-FFVBJ,0.4749208,0,medium
1100-DDVRV,0.5059662,1,medium
9313-QOLTZ,0.09684663,0,low
3338-CVVEH,0.8535691,1,high
1131-SUEKT,0.06359787,0,low
7602-DBTOU,0.01341507,0,low
1385-TQOZW,0.12015375,0,low
6892-XPFPU,0.8960771,1,high
4115-NZRKS,0.8241174,1,high
5514-YQENT,0.13091575,0,low
6319-IEJWJ,0.8141068,1,high
8849-AYPTR,0.4860974,0,medium
5893-PYOLZ,0.0124256695,0,low
7180-PISOG,0.95149714,1,high
8443-ZRDBZ,0.8959135,1,high
9079-YEXQJ,0.4672459,0,medium
3780-YVMFA,0.4757245,0,medium
6968-MHOMU,0.41025227,0,medium
0899-LIIBW,0.57007897,1,medium
3677-IYRBF,0.9144336,1,high
8393-DLHGA,0.82141584,1,high
7691-XVTZH,0.21757817,0,low
5360-LJCNJ,0.14925732,0,low
3891-PUQOD,0.7909647,1,high
0952-KMEEH,0.80673397,1,high
4919-IKATY,0.8706205,1,high
9746-UGFAC,0.09319128,0,low
9108-EQPNQ,0.041913413,0,low
0531-ZZJWQ,0.69103116,1,high
8763-KIAFH,0.025922092,0,low
5863-OOKCL,0.16251989,0,low
2958-NHPPS,0.11018039,0,low
9530-GRMJG,0.113734215,0,low
1809-DMJHQ,0.49048644,0,medium
0164-XAIRP,0.047833126,0,low
2926-JEJJC,0.09643249,0,low
1169-WCVAK,0.23617294,0,low
1217-VASWC,0.5893342,1,medium
2452-KDRRH,0.8499427,1,high
6402-EJMWF,0.6809916,1,high
7663-CUXZB,0.2757155,0,low
4312-KFRXN,0.008784961,0,low
3011-WQKSZ,0.2817544,0,low
9747-DDZOS,0.8800681,1,high
2091-MJTFX,0.25085285,0,low
0388-EOPEX,0.7798783,1,high
3161-ONRWK,0.02237777,0,low
2587-EKXTS,0.45263678,0,medium
9752-ZNQUT,0.828186,1,high
9572-WUKSB,0.75140774,1,high
3836-FZSDJ,0.018287377,0,low
8805-JNRAZ,0.36663303,0,medium
3069-SSVSN,0.21876302,0,low
8015-IHCGW,0.022454415,0,low
8132-YPVBX,0.8987135,1,high
0235-KGSLC,0.9175306,1,high
1302-UHBDD,0.76409906,1,high
3722-WPXTK,0.9376495,1,high
7531-GQHME,0.18760586,0,low
1335-NTIUC,0.711377,1,high
9367-TCUYN,0.31090072,0,medium
1536-HBSWP,0.7698842,1,high
8573-JGCZW,0.06924426,0,low
2694-CIUMO,0.80692023,1,high
2027-FECZV,0.8628548,1,high
9103-TCIHJ,0.45503438,0,medium
1545-JFUML,0.07272412,0,low
0524-IAVZO,0.8668749,1,high
5519-TEEUH,0.032594014,0,low
6654-QGBZZ,0.64377075,1,high
2294-DMMUS,0.15776747,0,low
0017-IUDMW,0.015242708,0,low
5018-LXQQG,0.29684207,0,low
5808-TOTXO,0.06190262,0,low
1174-FGIFN,0.37066123,0,medium
0730-KOAVE,0.62563485,1,high
1218-VKFPE,0.1782259,0,low
5313-FPXWG,0.044490606,0,low
2834-JKOOW,0.09068205,0,low
9430-NKQLY,0.006098874,0,low
0363-QJVFX,0.22536129,0,low
1658-TJVOA,0.78892744,1,high
6685-GBWJZ,0.062918484,0,low
6328-ZPBGN,0.95151216,1,high
4003-FUSHP,0.20509987,0,low
7690-KPNCU,0.1650981,0,low
2969-WGHQO,0.19642574,0,low
1855-CFULU,0.39200073,0,medium
9788-YTFGE,0.18145424,0,low
8266-VBFQL,0.72898084,1,high
2325-NBPZG,0.7109893,1,high
9906-NHHVC,0.12691675,0,low
2541-YGPKE,0.32347104,0,medium
5049-MUBWG,0.11106148,0,low
2332-TODQS,0.09650679,0,low
4419-UJMUS,0.33243063,0,medium
2233-TXSIU,0.12846237,0,low
6770-XUAGN,0.64036983,1,high
2919-HBCJO,0.83797055,1,high
9508-ILZDG,0.67242146,1,high
5442-BHQNG,0.734017,1,high
7250-EQKIY,0.8259218,1,high
6838-HVLXG,0.16954622,0,low
9767-FFLEM,0.53721505,1,medium
2245-ADZFJ,0.032770313,0,low
1150-WFARN,0.37179455,0,medium
9054-FOWNV,0.86017984,1,high
7997-EASSD,0.026509408,0,low
7560-QJAVJ,0.06655007,0,low
2668-TZSPS,0.38088027,0,medium
9139-WQQDY,0.24963106,0,low
6726-NNFWD,0.020808304,0,low
9330-DHBFL,0.10938216,0,low
5727-MYATE,0.009775015,0,low
2824-DXNKN,0.028809011,0,low
6166-ILMNY,0.79767627,1,high
5236-XMZJY,0.27449986,0,low
1709-EJDOX,0.042513117,0,low
4962-CHQPW,0.016324133,0,low
0301-FIDRB,0.009658328,0,low
1820-TQVEV,0.9357144,1,high
9115-YQHGA,0.17550966,0,low
1541-ETJZO,0.53767574,1,medium
6230-BSUXY,0.972945,1,high
6797-LNAQX,0.09223136,0,low
9588-YRFHY,0.016011965,0,low
1092-GANHU,0.6509327,1,high
5951-AOFIH,0.25727245,0,low
7029-RPUAV,0.8010804,1,high
4700-UBQMV,0.40812492,0,medium
3594-UVONA,0.068027236,0,low
7750-EYXWZ,0.16652207,0,low
7054-ENNGU,0.30607647,0,medium
0402-OAMEN,0.009749584,0,low
2195-VVRJF,0.23529275,0,low
8819-ZBYNA,0.49409497,0,medium
7748-UMTRK,0.6387948,1,high
1741-WTPON,0.07834253,0,low
7209-JCUDS,0.82533133,1,high
2485-ITVKB,0.8792513,1,high
9648-BCHKM,0.054593038,0,low
0743-HRVFF,0.13092558,0,low
2522-AHJXR,0.57686394,1,medium
9143-CANJF,0.4532094,0,medium
1444-VVSGW,0.4739166,0,medium
6898-MDLZW,0.40228903,0,medium
0074-HDKDG,0.16868006,0,low
3982-JGSFD,0.008523629,0,low
7928-VJYAB,0.77055144,1,high
1522-VVDMG,0.7604152,1,high
2665-NPTGL,0.9380727,1,high
8728-SKJLR,0.67887586,1,high
7733-UDMTP,0.6347551,1,high
0431-APWVY,0.5102315,1,medium
5081-NWSUP,0.19381937,0,low
2746-DIJLO,0.32443836,0,medium
7277-OZCGZ,0.4047353,0,medium
5236-PERKL,0.16034675,0,low
2788-CJQAQ,0.02123224,0,low
3096-WPXBT,0.14556651,0,low
9962-BFPDU,0.6913861,1,high
2892-GESUL,0.019656712,0,low
9741-YLNTD,0.83127725,1,high
1205-WNWPJ,0.32603136,0,medium
3173-NVMPX,0.5016008,1,medium
9661-MHUMO,0.588719,1,medium
6000-APYLU,0.6675983,1,high
0048-PIHNL,0.022272984,0,low
9420-LOJKX,0.87575704,1,high
7061-OVMIM,0.06492796,0,low
5671-RQRLP,0.17063425,0,low
5129-JLPIS,0.7464119,1,high
5170-PTRKA,0.02120374,0,low
4819-HJPIW,0.26607022,0,low
8780-RSYYU,0.24455625,0,low
2335-GSODA,0.011375723,0,low
5696-CEIQJ,0.09832004,0,low
6169-PPETC,0.0067989836,0,low
4237-RLAQD,0.83247215,1,high
7359-WWYJV,0.045716353,0,low
8620-RJPZN,0.4785003,0,medium
7426-WEIJX,0.21515942,0,low
7629-WIXZF,0.1665266,0,low
2616-FLVQC,0.04251909,0,low
9163-GHAYE,0.35712245,0,medium
4464-JCOLN,0.0778076,0,low
2971-SGAFL,0.51253307,1,medium
4735-ASGMA,0.9464623,1,high
5245-VDBUR,0.072562225,0,low
1493-AMTIE,0.57192874,1,medium
1112-CUNAO,0.7562169,1,high
7571-YXDAD,0.7973405,1,high
8714-EUHJO,0.5846458,1,medium
9040-KZVWO,0.067053854,0,low
6713-OKOMC,0.2559427,0,low
8749-CLJXC,0.606215,1,high
4713-LZDRV,0.93400174,1,high
6598-RFFVI,0.018399727,0,low
7470-MCQTK,0.7114654,1,high
5524-KHNJP,0.21205243,0,low
1707-HABPF,0.10247275,0,low
4581-LNWUM,0.6416312,1,high
9710-ZUSHQ,0.3650277,0,medium
1697-LYYYX,0.025870359,0,low
4013-GUXND,0.6216401,1,high
5022-JNQEQ,0.7367138,1,high
4983-CCWMC,0.7448176,1,high
6345-FZOQH,0.011416348,0,low
0962-CQPWQ,0.013156353,0,low
5495-GPSRW,0.045695473,0,low
2252-JHJGE,0.5188024,1,medium
7356-AYNJP,0.16741775,0,low
2019-HDCZY,0.27220947,0,low
8582-KRHPJ,0.16430497,0,low
2867-UIMSS,0.9030694,1,high
3487-EARAT,0.3128739,0,medium
9926-PJHDQ,0.059274167,0,low
0289-IVARM,0.14501913,0,low
4672-FOTSD,0.28072113,0,low
6198-PNNSZ,0.34591797,0,medium
7603-USHJS,0.5792523,1,medium
6784-XYJAE,0.059901528,0,low
3858-XHYJO,0.3862408,0,medium
1087-UDSIH,0.342879,0,medium
7251-LJBQN,0.5201792,1,medium
3200-MNQTF,0.13201204,0,low
9359-UGBTK,0.06556198,0,low
8160-HOWOX,0.58003825,1,medium
0258-NOKBL,0.71509415,1,high
2800-QQUSO,0.84659237,1,high
2129-ALKBS,0.08413099,0,low
9972-VAFJJ,0.21642661,0,low
4693-VWVBO,0.25756165,0,low
6969-MVBAI,0.94441146,1,high
4821-WQOYN,0.008182533,0,low
6769-DYBQN,0.6876712,1,high
4018-PPNDW,0.027699014,0,low
6288-CHQJB,0.02018705,0,low
4905-JEFDW,0.7029523,1,high
0559-CKHUS,0.051438272,0,low
2659-VXMWZ,0.2701474,0,low
6559-RAKOZ,0.598177,1,medium
8809-XKHMD,0.014023629,0,low
6365-HITVU,0.008652538,0,low
0134-XWXCE,0.15837038,0,low
9720-JJJOR,0.2100669,0,low
2782-LFZVW,0.39001635,0,medium
6112-KTHFQ,0.14354098,0,low
9220-ZNKJI,0.01459902,0,low
9820-RMCQV,0.33358726,0,medium
9013-AQORL,0.41895083,0,medium
2040-OBMLJ,0.06285934,0,low
5574-NXZIU,0.24267621,0,low
5446-DKWYW,0.17635664,0,low
0480-KYJVA,0.008084972,0,low
1074-AMIOH,0.2369673,0,low
0015-UOCOJ,0.7557475,1,high
0256-LTHVJ,0.56587356,1,medium
4547-LYTDD,0.6485305,1,high
1077-HUUJM,0.8121767,1,high
2041-JIJCI,0.50274915,1,medium
1555-HAPSU,0.009504261,0,low
4323-SADQS,0.5515845,1,medium
3292-PBZEJ,0.807263,1,high
6203-HBZPA,0.026521992,0,low
9755-JHNMN,0.041171607,0,low
7369-TRPFD,0.02202231,0,low
9878-TNQGW,0.82290256,1,high
2279-AXJJK,0.28424564,0,low
5016-IBERQ,0.6892998,1,high
1016-DJTSV,0.6938841,1,high
8433-WPJTV,0.15090951,0,low
8903-XEBGX,0.8484489,1,high
2632-TACXW,0.03339854,0,low
7952-OBOYL,0.872622,1,high
1470-PSXNM,0.41092905,0,medium
6227-HWPWX,0.5637769,1,medium
5924-SNGKP,0.024760274,0,low
8818-DOPVL,0.6936334,1,high
4521-WFJAI,0.1200147,0,low
4724-WXVWF,0.52303547,1,medium
3717-OEAUQ,0.7134694,1,high
8165-ZJRNM,0.008810913,0,low
7838-LAZFO,0.22310232,0,low
0513-RBGPE,0.04099433,0,low
7251-XFOIL,0.12754346,0,low
2525-GVKQU,0.015159612,0,low
7579-OOPEC,0.486636,0,medium
3795-GWTRD,0.016764836,0,low
4750-ZRXIU,0.9574844,1,high
5445-PZWGX,0.085918635,0,low
0516-UXRMT,0.051831882,0,low
0727-BNRLG,0.15056959,0,low
3932-CMDTD,0.74917525,1,high
1264-FUHCX,0.3668816,0,medium
6194-HBGQN,0.055164844,0,low
4524-QCSSM,0.39013407,0,medium
4570-QHXHL,0.59368014,1,medium
2972-YDYUW,0.15486753,0,low
2061-VVFST,0.16117384,0,low
6874-SGLHU,0.38184598,0,medium
9844-FELAJ,0.19580796,0,low
1902-XBTFB,0.8499539,1,high
9039-RBEEE,0.2926725,0,low
9369-XFEHK,0.7182678,1,high
3680-CTHUH,0.4314894,0,medium
3679-XASPY,0.46144995,0,medium
9089-UOWJG,0.27151445,0,low
1574-DYCWE,0.0121219745,0,low
9779-DPNEJ,0.7306858,1,high
2967-MXRAV,0.13998485,0,low
0327-WFZSY,0.6334302,1,high
1731-TVIUK,0.94725466,1,high
7666-WKRON,0.19198093,0,low
3865-ZYKAD,0.39279336,0,medium
1465-LNTLJ,0.101779304,0,low
2696-RZVZW,0.030708792,0,low
0685-MLYYM,0.74208117,1,high
2778-OCLGR,0.77710885,1,high
3982-XWFZQ,0.12358422,0,low
4759-PXTAN,0.13644834,0,low
1448-PWKYE,0.94599503,1,high
8741-LQOBK,0.29195166,0,low
8650-RHRKE,0.8558112,1,high
7266-GSSJX,0.10961534,0,low
1265-HVPZB,0.12411707,0,low
9640-ZSLDC,0.1388228,0,low
0988-JRWWP,0.7791933,1,high
1926-QUZNN,0.015300735,0,low
9025-ZRPVR,0.12462359,0,low
6527-PZFPV,0.03225164,0,low
7460-ITWWP,0.45009464,0,medium
1530-ZTDOZ,0.39096588,0,medium
4785-FCIFB,0.02352802,0,low
9717-QEBGU,0.7782205,1,high
0876-WDUUZ,0.87015074,1,high
7881-EVUAD,0.8014571,1,high
4002-BQWPQ,0.07711649,0,low
6377-WHAOX,0.75405747,1,high
5027-YOCXN,0.31399533,0,medium
8450-JOVAH,0.47314674,0,medium
6646-QVXLR,0.475398,0,medium
0254-KCJGT,0.15484048,0,low
3442-ZHHCC,0.32526886,0,medium
9167-APMXZ,0.66640097,1,high
0616-ATFGB,0.8691144,1,high
7273-TEFQD,0.9554618,1,high
8245-UMPYT,0.91912776,1,high
6022-UGGSO,0.7778722,1,high
6292-TOSSS,0.06083655,0,low
5207-PLSTK,0.69092953,1,high
3908-BLSYF,0.8574877,1,high
4317-VTEOA,0.83137155,1,high
0625-AFOHS,0.015967248,0,low
4667-OHGKG,0.60856444,1,high
2386-OWURY,0.41617352,0,medium
3780-DDGSE,0.08538266,0,low
1047-RNXZV,0.02550774,0,low
3926-YZVVX,0.05167698,0,low
4742-TXUEX,0.02919431,0,low
8709-KRDVL,0.80073804,1,high
0397-ZXWQF,0.02325539,0,low
3910-MRQOY,0.012776673,0,low
2511-MORQY,0.09754063,0,low
4039-PIMHX,0.048055865,0,low
8083-YTZES,0.9130142,1,high
1346-PJWTK,0.047598142,0,low
3750-YHRYO,0.039882977,0,low
1236-WFCDV,0.8262875,1,high
5949-HGVJL,0.23603775,0,low
9112-WSNPU,0.57888067,1,medium
1360-JYXKQ,0.3518621,0,medium
3585-ISXZP,0.906381,1,high
8380-PEFPE,0.92381513,1,high
9402-ROUMJ,0.27212286,0,low
4335-UPJSI,0.03862723,0,low
6096-EGVTU,0.016868519,0,low
8988-ECPJR,0.7036165,1,high
7677-SJJJK,0.056551915,0,low
5850-BDWCY,0.19414234,0,low
2025-JKFWI,0.9258197,1,high
8028-PNXHQ,0.017134652,0,low
8397-MVTAZ,0.892387,1,high
4445-ZJNMU,0.9421423,1,high
3125-RAHBV,0.029305143,0,low
6682-QJDGB,0.22909789,0,low
8840-DQLGN,0.23321155,0,low
6258-NGCNG,0.22105576,0,low
5917-RYRMG,0.04130014,0,low
7157-SMCFK,0.04931782,0,low
0816-TSPHQ,0.29433307,0,low
6766-HFKLA,0.09123497,0,low
7067-KSAZT,0.36036956,0,medium
5155-AZQPB,0.038312275,0,low
6890-PFRQX,0.061841175,0,low
3508-VLHCZ,0.010402143,0,low
3649-JPUGY,0.013586872,0,low
9248-OJYKK,0.9745334,1,high
7239-HZZCX,0.7086989,1,high
9860-LISIZ,0.047484543,0,low
6979-ZNSFF,0.8898271,1,high
8938-UMKPI,0.743606,1,high
1820-DJFPH,0.012180872,0,low
0732-OCQOC,0.027367005,0,low
6776-TLWOI,0.25226817,0,low
4940-KHCWD,0.014547989,0,low
9057-SIHCH,0.9661867,1,high
9866-QEVEE,0.6282359,1,high
5542-TBBWB,0.92667186,1,high
4587-VVTOX,0.9545403,1,high
6322-HRPFA,0.23000932,0,low
6284-AHOOQ,0.5832156,1,medium
4530-NDRKU,0.07815545,0,low
1751-NCDLI,0.90028393,1,high
3893-JRNFS,0.36542153,0,medium
5857-XRECV,0.0602112,0,low
3115-CZMZD,0.04251372,0,low
4489-SNOJF,0.21290062,0,low
1051-GEJLJ,0.19077578,0,low
3563-SVYLG,0.04826584,0,low
4301-VVZKA,0.7990223,1,high
9351-HXDMR,0.1040685,0,low
5161-XEUVX,0.07584544,0,low
3088-FVYWK,0.050008066,0,low
9812-GHVRI,0.66551757,1,high
1370-GGAWX,0.22012593,0,low
6023-YEBUP,0.96214473,1,high
9940-RHLFB,0.8595249,1,high
4541-RMRLG,0.22818406,0,low
2606-RMDHZ,0.6249928,1,high
5575-TPIZQ,0.20648776,0,low
9378-FXTIZ,0.305162,0,medium
4631-OACRM,0.80564755,1,high
8593-WHYHV,0.9511109,1,high
1403-GYAFU,0.005775732,0,low
7641-TQFHN,0.12296693,0,low
4237-CLSMM,0.26744995,0,low
4360-PNRQB,0.43767256,0,medium
5334-AFQJB,0.021157993,0,low
9308-ANMVE,0.38826168,0,medium
3530-VWVGU,0.13084365,0,low
4674-HGNUA,0.012860775,0,low
3030-YDNRM,0.8906092,1,high
3642-BYHDO,0.006909817,0,low
0440-UEDAI,0.20784892,0,low
9819-FBNSV,0.7046832,1,high
9289-LBQVU,0.12235906,0,low
4468-YDOVK,0.631229,1,high
2001-EWBQU,0.21889496,0,low
9992-UJOEL,0.6330808,1,high
8409-WQJUX,0.11368258,0,low
3077-RSNTJ,0.35702956,0,medium
6993-YCOBK,0.20846607,0,low
4817-VYYWS,0.7730673,1,high
4702-HDRKD,0.038955644,0,low
3251-YMVWZ,0.21882586,0,low
4190-MFLUW,0.38467142,0,medium
4678-DVQEO,0.85978097,1,high
4701-AHWMW,0.12800975,0,low
2987-BJXIK,0.02620585,0,low
1730-VFMWO,0.08769163,0,low
1936-UAFEH,0.3028421,0,medium
5140-FOMCQ,0.47293943,0,medium
8778-LMWTJ,0.72406733,1,high
9840-DVNDC,0.6651635,1,high
8033-VCZGH,0.7406473,1,high
8580-QVLOC,0.020116156,0,low
6128-AQBMT,0.76536685,1,high
6257-RJOHI,0.57859474,1,medium
1929-ZCBHE,0.10020001,0,low
6242-SGYTS,0.07190816,0,low
7010-ZMVBF,0.06305796,0,low
3519-ZKXGG,0.8800652,1,high
5666-MBJPT,0.058400158,0,low
3313-QKNKB,0.4874709,0,medium
7581-EBBOU,0.061355475,0,low
1784-BXEFA,0.08753992,0,low
7492-TAFJD,0.07235387,0,low
5213-TWWJU,0.08015336,0,low
3312-ZWLGF,0.68641895,1,high
2923-ARZLG,0.40262815,0,medium
7032-LMBHI,0.04987996,0,low
8292-ITGYJ,0.029981779,0,low
9107-UKCKY,0.38669318,0,medium
6848-HJTXY,0.029431105,0,low
4184-VODJZ,0.13162038,0,low
4846-WHAFZ,0.752173,1,high
8735-SDUFN,0.021391656,0,low
0839-JTCUD,0.09270095,0,low
6857-VWJDT,0.96380544,1,high
7363-QTBIW,0.8701671,1,high
6158-HDPXZ,0.7800395,1,high
5419-CONWX,0.9452024,1,high
9286-DOJGF,0.7404114,1,high
2408-PSJVE,0.14888765,0,low
2087-QAREY,0.39582902,0,medium
6777-TGHTM,0.48313516,0,medium
6507-ZJSUR,0.7003913,1,high
5025-GOOKI,0.21068086,0,low
6080-LNESI,0.045123685,0,low
2236-HILPA,0.0060590953,0,low
1386-ZIKUV,0.13013946,0,low
3365-SAIGS,0.7532806,1,high
6061-GWWAV,0.12787132,0,low
9979-RGMZT,0.81359184,1,high
8445-DNBAE,0.78403604,1,high
6872-HXFNF,0.020796118,0,low
1320-HTRDR,0.839374,1,high
3923-CSIHK,0.53125936,1,medium
2446-ZKVAF,0.22773045,0,low
4640-UHDOS,0.38779774,0,medium
5457-COLHT,0.031797886,0,low
2254-DLXRI,0.9660432,1,high
5339-PXDVH,0.74039966,1,high
2386-LAHRK,0.8605266,1,high
5062-CJJKH,0.1817397,0,low
8930-XOTDP,0.39136812,0,medium
4779-ZGICK,0.017064119,0,low
9534-NSXEM,0.014267803,0,low
3716-BDVDB,0.9321152,1,high
9842-EFSYY,0.7267851,1,high
9122-UMROB,0.51025456,1,medium
1867-BDVFH,0.8644663,1,high
5949-EBSQK,0.13286772,0,low
4160-AMJTL,0.44162595,0,medium
8622-ZLFKO,0.939441,1,high
2990-IAJSV,0.009837285,0,low
6064-ZATLR,0.01547465,0,low
7409-KIUTL,0.9306898,1,high
5505-OVWQW,0.061576746,0,low
3948-KXDUF,0.042652294,0,low
9814-AOUDH,0.06557574,0,low
7398-LXGYX,0.21845274,0,low
5266-PFRQK,0.017202286,0,low
1568-BEKZM,0.06357859,0,low
2692-PFYTJ,0.59854174,1,medium
2533-QVMSK,0.0840787,0,low
5828-AVIPD,0.68631494,1,high
2907-ILJBN,0.06285179,0,low
5226-NOZFC,0.77727205,1,high
7114-AEOZE,0.04377314,0,low
2202-CUYXZ,0.9486035,1,high
3466-RITXD,0.7202494,1,high
7278-CKDNC,0.8483609,1,high
1956-YIFGE,0.79080063,1,high
0422-UXFAP,0.46297586,0,medium
3733-UOCWF,0.028174672,0,low
7191-ADRGF,0.19294825,0,low
5709-LVOEQ,0.08568529,0,low
6034-YMTOB,0.6630454,1,high
6372-RFVNS,0.94825524,1,high
9052-DHNKM,0.10579739,0,low
5609-IMCGG,0.5292669,1,medium
2959-MJHIC,0.8342612,1,high
1319-YLZJG,0.7450092,1,high
7623-TRNQN,0.41686237,0,medium
0377-JBKKT,0.28608316,0,low
1936-CZAKF,0.0964251,0,low
5063-IUOKK,0.04473098,0,low
8646-JCOMS,0.07292657,0,low
0979-MOZQI,0.040556666,0,low
1525-LNLOJ,0.2180757,0,low
5759-RCVCB,0.69084525,1,high
9968-FFVVH,0.013015846,0,low
2266-FUBDZ,0.015276329,0,low
4760-THGOT,0.40435842,0,medium
2307-FYNNL,0.5909741,1,medium
1143-NMNQJ,0.95864403,1,high
1629-DQQVB,0.14071643,0,low
3766-EJLFL,0.360557,0,medium
8457-XIGKN,0.11050328,0,low
4981-FLTMF,0.048451774,0,low
7606-BPHHN,0.012057829,0,low
7005-CCBKV,0.8555868,1,high
4648-YPBTM,0.036461197,0,low
2325-ZUSFD,0.05723447,0,low
1240-KNSEZ,0.7551575,1,high
0430-IHCDJ,0.90985835,1,high
7957-RYHQD,0.6502111,1,high
6164-HAQTX,0.019030366,0,low
0749-IRGQE,0.83466196,1,high
1227-UDMZR,0.009317836,0,low
5473-KHBPS,0.07889248,0,low
5297-MDOIR,0.01627798,0,low
8873-TMKGR,0.015703067,0,low
6481-ESCNL,0.36383605,0,medium
0463-WZZKO,0.19946727,0,low
1038-RQOST,0.040225,0,low
4937-QPZPO,0.77563447,1,high
3604-WLABM,0.60643876,1,high
1360-XFJMR,0.329412,0,medium
8717-VCTXJ,0.022675302,0,low
5196-SGOAK,0.94749177,1,high
8739-XNIKG,0.92650515,1,high
2320-TZRRH,0.026362373,0,low
5186-SAMNZ,0.9031571,1,high
5760-FXFVO,0.82627237,1,high
5380-WJKOV,0.69185257,1,high
4703-MQYKT,0.02104079,0,low
2001-MCUUW,0.54270446,1,medium
4947-DSMXK,0.6402525,1,high
0076-LVEPS,0.051506124,0,low
5566-SOEZD,0.10656352,0,low
7408-OFWXJ,0.012762924,0,low
1097-FSPVW,0.3669396,0,medium
4412-YLTKF,0.58615315,1,medium
0420-TXVSG,0.1254585,0,low
7817-BOQPW,0.8554264,1,high
0963-ZBDRN,0.6723872,1,high
9685-WKZGT,0.85592663,1,high
2139-FQHLM,0.4261031,0,medium
5825-XJOCM,0.059005033,0,low
0004-TLHLJ,0.8389292,1,high
7529-ZDFXI,0.45063972,0,medium
6848-YLDFR,0.2504174,0,low
5820-PTRYM,0.033381052,0,low
2984-RGEYA,0.032590333,0,low
6434-TTGJP,0.030384278,0,low
9643-AVVWI,0.87764335,1,high
3506-OVLKD,0.042314176,0,low
4946-EDSEW,0.2105484,0,low
2924-KHUVI,0.7110606,1,high
2263-SFSQZ,0.016926518,0,low
5281-BUZGT,0.36007115,0,medium
3717-FDJFU,0.009776048,0,low
2239-CFOUJ,0.122988,0,low
8699-ASUFO,0.8956064,1,high
1122-YJBCS,0.07920935,0,low
0628-CNQRM,0.111770585,0,low
1705-GUHPV,0.017669937,0,low
4877-TSOFF,0.018799044,0,low
7404-JLKQG,0.6881174,1,high
0379-DJQHR,0.11052046,0,low
8993-PHFWD,0.65120775,1,high
3930-ZGWVE,0.7086989,1,high
1965-DDBWU,0.46877155,0,medium
7572-KPVKK,0.41613314,0,medium
6854-EXGSF,0.34415385,0,medium
9483-GCPWE,0.07683485,0,low
8053-WWDRO,0.2652354,0,low
9473-CBZOP,0.01238984,0,low
3985-HOYPM,0.016383694,0,low
8378-LKJAF,0.7140744,1,high
1310-QRITU,0.42142534,0,medium
3237-AJGEH,0.6391036,1,high
6542-LWGXJ,0.6890138,1,high
6953-PBDIN,0.038067095,0,low
6332-FBZRI,0.11843573,0,low
9365-CSLBQ,0.004307882,0,low
3466-WAESX,0.24438041,0,low
9700-ISPUP,0.41364908,0,medium
5167-ZFFMM,0.9624878,1,high
7669-LCRSD,0.3493916,0,medium
0870-VEMYL,0.5904178,1,medium
2995-UPRYS,0.49357483,0,medium
3179-GBRWV,0.42099127,0,medium
0701-TJSEF,0.08192852,0,low
1848-LBZHY,0.29435322,0,low
5380-XPJNZ,0.015387,0,low
6608-QQLVK,0.8820247,1,high
1475-VWVDO,0.8287957,1,high
3721-CNEYS,0.8166512,1,high
4299-OPXEJ,0.081425674,0,low
0096-BXERS,0.45504957,0,medium
3055-VTCGS,0.053395838,0,low
9405-GPBBG,0.12960869,0,low
6704-UTUKK,0.72233665,1,high
9944-AEXBM,0.6758846,1,high
2545-EBUPK,0.9715056,1,high
6270-OMFIW,0.44133747,0,medium
1852-XEMDW,0.17935666,0,low
8158-WPEZG,0.5546031,1,medium
5198-EFNBM,0.24750167,0,low
7663-RGWBC,0.7517024,1,high
3970-XGJDU,0.04015536,0,low
6845-RGTYS,0.54880387,1,medium
0123-CRBRT,0.0074320305,0,low
6077-BDPXA,0.7670324,1,high
2250-IVBWA,0.21556397,0,low
6137-NICCO,0.9785502,1,high
8129-GMVGI,0.018313807,0,low
4353-HYOJD,0.034965985,0,low
8671-KKKOS,0.4930641,0,medium
8080-DDEMJ,0.88254946,1,high
6698-OXETB,0.016672393,0,low
3312-UUMZW,0.78193206,1,high
6376-GAHQE,0.8151764,1,high
0733-VUNUW,0.26170304,0,low
6733-LRIZX,0.36039305,0,medium
2165-VOEGB,0.17850457,0,low
1853-UDXBW,0.92894447,1,high
9070-BCKQP,0.071953155,0,low
1035-IPQPU,0.5582343,1,medium
2057-ZBLPD,0.77692884,1,high
6967-PEJLL,0.10509206,0,low
7879-CGSFV,0.36463505,0,medium
2257-BOVXD,0.20336096,0,low
9822-BIIGN,0.1365834,0,low
1136-XGEQU,0.17577407,0,low
2439-LYPMQ,0.8550918,1,high
6543-XRMYR,0.81481105,1,high
5753-QQWPW,0.12428483,0,low
4785-QRJHC,0.48877338,0,medium
0052-YNYOT,0.026821773,0,low
7054-LGEQW,0.6764985,1,high
0608-JDVEC,0.042672526,0,low
6284-KMNUF,0.47505668,0,medium
6286-SUUWT,0.65798444,1,high
3594-KADLU,0.6287792,1,high
0536-ACXIP,0.064702034,0,low
8869-TORSS,0.078600965,0,low
0373-AIVNJ,0.29270282,0,low
6429-SHBCB,0.20634115,0,low
5751-USDBL,0.02766928,0,low
6815-ABQFQ,0.67781097,1,high
9450-TRJUU,0.7254949,1,high
2805-AUFQN,0.07484058,0,low
7855-DIWPO,0.68776995,1,high
0174-QRVVY,0.006513458,0,low
9507-EXLTT,0.96406144,1,high
8390-FESFV,0.008410241,0,low
0661-KBKPA,0.30178592,0,medium
6856-RAURS,0.8761948,1,high
7322-OCWHC,0.011690602,0,low
2203-GHNWN,0.6087998,1,high
3413-CSSTH,0.26437154,0,low
3006-XIMLN,0.9800095,1,high
3750-CKVKH,0.7883345,1,high
0576-WNXXC,0.65736824,1,high
7056-IMHCC,0.9170967,1,high
0866-QLSIR,0.04843709,0,low
1628-BIZYP,0.950087,1,high
2230-XTUWL,0.026554445,0,low
1980-KXVPM,0.89027584,1,high
8619-IJNDK,0.022606073,0,low
2960-NKRSO,0.35578334,0,medium
6705-LXORM,0.6948597,1,high
7130-VTEWQ,0.8131893,1,high
9364-YKUVW,0.39394194,0,medium
2761-OCIAX,0.7939885,1,high
7996-BPXHY,0.026609387,0,low
4248-QPAVC,0.46556512,0,medium
9357-UJRUN,0.27473342,0,low
6340-DACFT,0.0104606375,0,low
1023-BQXZE,0.055206895,0,low
5480-HPRRX,0.76601213,1,high
9576-SYUHJ,0.42421418,0,medium
2169-RRLFW,0.014499559,0,low
8338-QIUNR,0.013781397,0,low
0463-TXOAK,0.046779487,0,low
4396-KLSEH,0.28808805,0,low
5186-EJEGL,0.16962999,0,low
9334-GWGOW,0.91622883,1,high
5696-JVVQY,0.030391943,0,low
9633-DENPU,0.32938612,0,medium
0581-BXBUB,0.5963843,1,medium
2750-BJLSB,0.42015693,0,medium
2770-NSVDG,0.44093376,0,medium
8280-MQRQN,0.86829245,1,high
7851-FLGGQ,0.5811985,1,medium
9374-YOLBJ,0.46144995,0,medium
6583-SZVGP,0.59015846,1,medium
2150-OEGBV,0.027375208,0,low
9372-TXXPS,0.010187822,0,low
6933-FHBZC,0.12848665,0,low
4698-KVLLG,0.05357229,0,low
8752-STIVR,0.905974,1,high
8623-ULFNQ,0.39105564,0,medium
9822-WMWVG,0.7234933,1,high
4304-TSPVK,0.14000957,0,low
1716-LSAMB,0.032750677,0,low
3523-QRQLL,0.39719802,0,medium
2187-PKZAY,0.7145937,1,high
1895-QTKDO,0.5028542,1,medium
8161-QYMTT,0.96524465,1,high
2955-PSXOE,0.63717026,1,high
6834-NXDCA,0.59941095,1,medium
8701-DGLVH,0.009857733,0,low
2480-SQIOB,0.5163769,1,medium
4993-JCRGJ,0.29529467,0,low
0581-MDMPW,0.65027255,1,high
7789-CRUVC,0.10638309,0,low
0164-APGRB,0.049936213,0,low
8034-RYTVV,0.079117954,0,low
3018-TFTSU,0.26213464,0,low
9777-IQHWP,0.11459296,0,low
6899-PPEEA,0.8379915,1,high
6701-YVNQG,0.0078054937,0,low
7649-PHJVR,0.03388205,0,low
9278-VZKCD,0.56408983,1,medium
7636-PEPNS,0.030727837,0,low
1575-KRZZE,0.52978605,1,medium
8590-OHDIW,0.0204716,0,low
7764-BDPEE,0.15624882,0,low
9480-BQJEI,0.05110448,0,low
3354-OADJP,0.10985184,0,low
3181-MIZBN,0.47200686,0,medium
9327-QSDED,0.5135072,1,medium
4892-VLANZ,0.73600394,1,high
0298-XACET,0.00968957,0,low
6917-FIJHC,0.010071196,0,low
6557-BZXLQ,0.6142498,1,high
2432-TFSMK,0.23119782,0,low
4211-MMAZN,0.53731704,1,medium
4751-ERMAN,0.043676697,0,low
8430-TWCBX,0.03375627,0,low
1942-OQFRW,0.6783437,1,high
4075-JFPGR,0.21002844,0,low
3339-EAQNV,0.19930938,0,low
5329-KRDTM,0.029398056,0,low
0307-BCOPK,0.05166263,0,low
6473-ULUHT,0.16344388,0,low
1194-SPVSP,0.41168234,0,medium
7249-WBIYX,0.91068697,1,high
2293-IJWPS,0.5099374,1,medium
4377-VDHYI,0.12693878,0,low
0019-EFAEP,0.03151973,0,low
2480-EJWYP,0.36513937,0,medium
8970-ANWXO,0.21313067,0,low
8739-WWKDU,0.9331406,1,high
2171-UDMFD,0.089110054,0,low
7036-TYDEC,0.3512653,0,medium
3831-YCPUO,0.022105299,0,low
0121-SNYRK,0.01785464,0,low
3325-FUYCG,0.24641097,0,low
1952-DVVSW,0.12643236,0,low
3571-DPYUH,0.093207136,0,low
2077-MPJQO,0.87498456,1,high
2391-SOORI,0.6198702,1,high
4086-ATNFV,0.092101716,0,low
3396-DKDEL,0.074470915,0,low
7471-MQPOS,0.15911677,0,low
7181-OQCUT,0.69013274,1,high
3489-VSFRD,0.04012074,0,low
6283-GITPX,0.017660165,0,low
2845-HSJCY,0.82784843,1,high
7216-KAOID,0.022756463,0,low
6680-WKXRZ,0.83689123,1,high
2346-LOCWC,0.015548077,0,low
0769-MURVM,0.014220087,0,low
3374-LXDEV,0.79647356,1,high
5318-YKDPV,0.03914317,0,low
8190-ZTQFB,0.41492465,0,medium
4512-ZUIYL,0.77800417,1,high
3090-QFUVD,0.3557558,0,medium
4806-KEXQR,0.8439305,1,high
2369-FEVNO,0.7319136,1,high
9637-CDTKZ,0.057524927,0,low
2954-PIBKO,0.048965797,0,low
2212-LYASK,0.20798452,0,low
9481-SFCQY,0.30795768,0,medium
2828-SLQPF,0.50952077,1,medium
4647-MUZON,0.6276417,1,high
8212-DJRCH,0.81391007,1,high
0516-OOHAR,0.16224289,0,low
4973-RLZVI,0.20943435,0,low
8089-UZWLX,0.13886677,0,low
9732-KPKBW,0.72668,1,high
9715-WZCLW,0.09314161,0,low
0257-KXZGU,0.23892476,0,low
0707-HOVVN,0.048800144,0,low
5501-TVMGM,0.859396,1,high
3422-LYEPQ,0.93200976,1,high
2277-VWCNI,0.7454209,1,high
5461-QKNTN,0.6273357,1,high
3967-KXAPS,0.011265144,0,low
6919-ELBGL,0.030578006,0,low
8361-LTMKD,0.9102439,1,high
1131-ALZWV,0.10936175,0,low
5178-LMXOP,0.9779049,1,high
8992-CEUEN,0.45584187,0,medium
3320-VEOYC,0.94062704,1,high
3672-YITQD,0.8794279,1,high
6080-TCMYC,0.7551782,1,high
6734-FQAJX,0.103402294,0,low
1063-DHQJF,0.017611993,0,low
3976-NLDEZ,0.5359232,1,medium
1729-VLAZJ,0.045588236,0,low
3400-ESFUW,0.014547066,0,low
5271-YNWVR,0.15768786,0,low
1587-FKLZB,0.80329376,1,high
0958-YHXGP,0.7692231,1,high
1494-EJZDW,0.048993703,0,low
1816-FLZDK,0.6296479,1,high
2075-PUEPR,0.035262708,0,low
1833-TCXKK,0.7781247,1,high
1436-ZMJAN,0.29287234,0,low
0106-UGRDO,0.1818311,0,low
1069-XAIEM,0.98711187,1,high
4213-HKBJO,0.13381597,0,low
8345-MVDYC,0.023015955,0,low
2672-OJQZP,0.54625845,1,medium
5136-RGMZO,0.18429272,0,low
5774-QPLTF,0.011854332,0,low
5240-CAOYT,0.023171343,0,low
3707-GNWHM,0.943933,1,high
5159-YFPKQ,0.85237056,1,high
5052-PNLOS,0.9274139,1,high
6173-GOLSU,0.87422204,1,high
6661-HBGWL,0.7993746,1,high
8207-VVMYB,0.029287947,0,low
5324-KTGCG,0.03527472,0,low
7354-OIJLX,0.8169198,1,high
9286-BHDQG,0.009421165,0,low
3567-PQTSO,0.60650826,1,high
3197-ARFOY,0.6289724,1,high
5698-BQJOH,0.8846158,1,high
1090-ESELR,0.027145082,0,low
0056-EPFBG,0.022422828,0,low
4955-VCWBI,0.027730657,0,low
4717-GHADL,0.030619215,0,low
0058-EVZWM,0.2263064,0,low
7218-HKQFK,0.7745408,1,high
5057-RKGLH,0.039108276,0,low
2309-OSFEU,0.58630085,1,medium
3429-IFLEM,0.034812607,0,low
1550-LOAHA,0.7214746,1,high
1400-MMYXY,0.9573827,1,high
7503-QQRVF,0.59613055,1,medium
7504-UWHNB,0.5238835,1,medium
9565-JSNFM,0.22806343,0,low
4735-BJKOU,0.021638948,0,low
3580-GICBM,0.024032887,0,low
7632-YUTXB,0.03639928,0,low
9412-ARGBX,0.04066583,0,low
9576-ANLXO,0.8431,1,high
1110-KYLGQ,0.18384106,0,low
8696-JKZNU,0.6806872,1,high
8757-TFHHJ,0.5342402,1,medium
2955-BJZHG,0.706951,1,high
9048-JVYVF,0.29218686,0,low
0682-USIXD,0.6973226,1,high
3884-UEBXB,0.026508657,0,low
1776-SPBWV,0.048970614,0,low
9050-QLROH,0.5242086,1,medium
2925-VDZHY,0.008297396,0,low
9512-UIBFX,0.61643285,1,high
8676-TRMJS,0.7543393,1,high
3334-CTHOL,0.7439725,1,high
6331-LWDTQ,0.45407364,0,medium
3847-BAERP,0.16367055,0,low
4709-LKHYG,0.034639783,0,low
8621-MNIHH,0.46839926,0,medium
8884-ADFVN,0.9729657,1,high
2885-HIJDH,0.036438517,0,low
8570-KLJYJ,0.011612068,0,low
9339-FIIJL,0.007170878,0,low
6223-DHJGV,0.011185628,0,low
0959-WHOKV,0.27270666,0,low
9610-WCESF,0.10201654,0,low
9279-CJEOJ,0.851361,1,high
2985-FMWYF,0.84154093,1,high
3540-RZJYU,0.5720135,1,medium
2522-WLNSF,0.078608185,0,low
6861-XWTWQ,0.98909247,1,high
8735-NBLWT,0.062207673,0,low
1744-JHKYS,0.11242396,0,low
0841-NULXI,0.9426811,1,high
4016-BJKTZ,0.40131265,0,medium
9298-WGMRW,0.03412916,0,low
7893-IXHRQ,0.46791244,0,medium
8785-CJSHH,0.5824319,1,medium
7654-YWJUF,0.08300914,0,low
8909-BOLNL,0.09367442,0,low
9919-FZDED,0.043883555,0,low
0322-CHQRU,0.8284091,1,high
3587-PMCOY,0.77989733,1,high
0655-RBDUG,0.97975177,1,high
0983-TATYJ,0.06277344,0,low
5650-YLIBA,0.7364859,1,high
5144-TVGLP,0.7398506,1,high
3569-EDBPQ,0.68978494,1,high
4945-RVMTE,0.14272514,0,low
3511-BFTJW,0.012305955,0,low
5537-UXXVS,0.16944237,0,low
8782-NUUOL,0.074258834,0,low
2865-TCHJW,0.94406486,1,high
9931-KGHOA,0.16122408,0,low
3071-MVJCD,0.018669274,0,low
7279-BUYWN,0.5948029,1,medium
3756-VNWDH,0.3351599,0,medium
1395-OFUWC,0.3040794,0,medium
4223-BKEOR,0.19802469,0,low
0040-HALCW,0.010141152,0,low
7124-UGSUR,0.1645922,0,low
7395-XWZOY,0.5464888,1,medium
5440-VHLUL,0.6517996,1,high
4706-DGAHW,0.88254946,1,high
8166-ORCHU,0.108736664,0,low
3978-YNKDD,0.011923316,0,low
7198-GLXTC,0.89637804,1,high
6366-XIVKZ,0.34189436,0,medium
5133-POWUA,0.83860546,1,high
8400-WZICQ,0.18934318,0,low
5382-SOYZL,0.8855747,1,high
1989-PRJHP,0.6911001,1,high
4154-AQUGT,0.4985731,0,medium
0980-FEXWF,0.020897495,0,low
5845-BZZIB,0.008164851,0,low
4840-ORQXB,0.54140186,1,medium
0295-PPHDO,0.97879845,1,high
8775-ERLNB,0.93374693,1,high
0376-YMCJC,0.7123537,1,high
7410-YTJIK,0.66918874,1,high
9927-DSWDF,0.655567,1,high
6681-ZSEXG,0.07111201,0,low
5702-KVQRD,0.031105544,0,low
8711-LOBKY,0.029286537,0,low
9692-TUSXH,0.7978326,1,high
4012-YCFAI,0.0045679,0,low
8455-HIRAQ,0.30355698,0,medium
7853-WNZSY,0.5525706,1,medium
0390-DCFDQ,0.9384341,1,high
6421-SZVEM,0.2811537,0,low
3094-JOJAI,0.3893255,0,medium
4873-ILOLJ,0.7443518,1,high
8181-YHCMF,0.030043308,0,low
3324-OIRTO,0.1518782,0,low
9135-HSWOC,0.046213564,0,low
2272-WUSPA,0.041135725,0,low
4627-MIHJH,0.30760378,0,medium
3896-RCYYE,0.23177488,0,low
6729-GDNGC,0.42455038,0,medium
9945-PSVIP,0.050959565,0,low
4137-JOPHL,0.01714303,0,low
2720-FVBQP,0.6920441,1,high
7854-EKTJL,0.39503613,0,medium
1133-KXCGE,0.04202459,0,low
6048-QBXKL,0.85597235,1,high
6338-AVWCY,0.9410811,1,high
0013-MHZWF,0.33047956,0,medium
9804-ICWBG,0.92667186,1,high
2368-GAKKQ,0.18585171,0,low
4829-AUOAX,0.43968263,0,medium
7876-BEUTG,0.5368289,1,medium
6349-JDHQP,0.080910645,0,low
3063-QFSZL,0.88680136,1,high
9142-XMYJH,0.19149528,0,low
2609-IAICY,0.9733021,1,high
8626-PTQGE,0.023406157,0,low
0230-UBYPQ,0.03334653,0,low
6814-ZPWFQ,0.08326568,0,low
5921-NGYRH,0.09940335,0,low
7803-XOCCZ,0.1344312,0,low
1459-QNFQT,0.02477058,0,low
3948-FVVRP,0.3338119,0,medium
0923-PNFUB,0.73250836,1,high
4654-ULTTN,0.09233815,0,low
5628-FCGYG,0.8709687,1,high
0506-LVNGN,0.6429354,1,high
4329-YPDDQ,0.44070435,0,medium
9866-OCCKE,0.07321361,0,low
0794-YVSGE,0.0051338165,0,low
4342-HENTK,0.7430759,1,high
5934-TSSAU,0.29741102,0,low
9986-BONCE,0.45079422,0,medium
5301-GAUUY,0.5047877,1,medium
0725-CXOTM,0.07829619,0,low
2843-CQMEG,0.15391383,0,low
5600-PDUJF,0.43499956,0,medium
4500-HKANN,0.019050566,0,low
1862-QRWPE,0.015456659,0,low
2155-AMQRX,0.2896567,0,low
0823-HSCDJ,0.70453036,1,high
4090-KPJIP,0.86946905,1,high
2737-YNGYW,0.8224301,1,high
5619-XZZKR,0.04109365,0,low
6047-YHPVI,0.7522459,1,high
8375-DKEBR,0.94878507,1,high
7729-XBTWX,0.065157734,0,low
4983-CLMLV,0.45671487,0,medium
9227-LUNBG,0.7640556,1,high
2758-RNWXS,0.048432115,0,low
7055-HNEOJ,0.48309898,0,medium
7134-MJPDY,0.44519845,0,medium
4560-WQAQW,0.019097712,0,low
8532-UEFWH,0.017989106,0,low
8541-QVFKM,0.8488503,1,high
7129-ACFOG,0.6661616,1,high
2495-INZWQ,0.8925927,1,high
0263-FJTQO,0.018611526,0,low
0181-RITDD,0.07334007,0,low
8241-JUIQO,0.030500608,0,low
0913-XWSCN,0.43332177,0,medium
2159-TURXX,0.17280437,0,low
6461-PPAXN,0.044212587,0,low
1452-KIOVK,0.6586576,1,high
1139-WUOAH,0.047335394,0,low
3207-OYBWH,0.38358077,0,medium
8347-GDTMP,0.029431105,0,low
9909-DFRJA,0.2210327,0,low
6383-ZTSIW,0.40918118,0,medium
5438-QMDDL,0.28886482,0,low
8914-RBTSB,0.4154694,0,medium
6164-HXUGH,0.36212036,0,medium
6900-RBKER,0.070994645,0,low
1492-QGCLU,0.1687931,0,low
6664-FPDAC,0.34391284,0,medium
1088-AUUZZ,0.013984901,0,low
6651-AZVTJ,0.88311327,1,high
8219-VYBVI,0.014436748,0,low
0310-MVLET,0.4308552,0,medium
7233-IOQNP,0.48583996,0,medium
7311-MQJCH,0.100011095,0,low
9256-JTBNZ,0.33437756,0,medium
8713-IGZSO,0.27581656,0,low
6821-BUXUX,0.90009063,1,high
9114-DPSIA,0.014033278,0,low
4501-UYKBC,0.19231163,0,low
2798-NYLMZ,0.36962342,0,medium
6711-VTNRE,0.3803021,0,medium
5966-EMAZU,0.41348147,0,medium
3627-FHKBK,0.6357367,1,high
7861-UVUFT,0.8548156,1,high
9824-QCJPK,0.01024584,0,low
7816-VGHTO,0.06699878,0,low
3794-NFNCH,0.099303715,0,low
3877-JRJIP,0.7188233,1,high
5228-EXCET,0.65039355,1,high
6248-BSHKG,0.011115905,0,low
8915-NNTRC,0.057521783,0,low
3470-OBUET,0.183377,0,low
3229-USWAR,0.06867795,0,low
1927-QEWMY,0.0070287473,0,low
6374-AFWOX,0.038090095,0,low
7912-SYRQT,0.8501729,1,high
2070-FNEXE,0.49417716,0,medium
5803-NQJZO,0.0075412355,0,low
5651-YLPRD,0.67203724,1,high
1271-UODNO,0.14600603,0,low
5014-WUQMG,0.16102414,0,low
5889-JTMUL,0.67967576,1,high
0788-DXBFY,0.15292029,0,low
2669-QVCRG,0.42062303,0,medium
6630-UJZMY,0.9316299,1,high
5061-PBXFW,0.26498446,0,low
2700-LUEVA,0.427704,0,medium
3865-ZFZIB,0.021590741,0,low
0471-ARVMX,0.20918065,0,low
8985-OOPOS,0.35264313,0,medium
0719-SYFRB,0.22005183,0,low
0447-BEMNG,0.25004455,0,low
5630-AHZIL,0.4276564,0,medium
2190-BCXEC,0.6133239,1,high
1559-DTODC,0.4717866,0,medium
3244-DCJWY,0.93842727,1,high
3967-VQOGC,0.022528393,0,low
0265-PSUAE,0.71267396,1,high
1622-HSHSF,0.69100565,1,high
9867-XOBQA,0.03874688,0,low
6773-LQTVT,0.46782425,0,medium
4332-MUOEZ,0.2804162,0,low
0023-XUOPT,0.76430964,1,high
6543-CPZMK,0.508053,1,medium
6418-HNFED,0.011754689,0,low
1036-GUDCL,0.06896827,0,low
4818-QIUFN,0.71631515,1,high
0778-NELLA,0.633149,1,high
7495-OOKFY,0.8846734,1,high
4737-HOBAX,0.025965309,0,low
7919-ZODZZ,0.41161343,0,medium
2988-PLAHS,0.5232079,1,medium
9067-SQTNS,0.01714732,0,low
6483-OATDN,0.35495767,0,medium
5469-CTCWN,0.18984,0,low
3524-WQDSG,0.7937077,1,high
6968-URWQU,0.15474986,0,low
8601-QACRS,0.739044,1,high
8690-UPCZI,0.021129532,0,low
5331-RGMTT,0.8726766,1,high
1357-BIJKI,0.6127272,1,high
2088-IEBAU,0.037829105,0,low
0679-IDSTG,0.93372947,1,high
6519-ZHPXP,0.028463488,0,low
2101-RANCD,0.55540746,1,medium
4029-HPFVY,0.7285927,1,high
1015-OWJKI,0.47296795,0,medium
8314-HTWVE,0.055443477,0,low
5357-TZHPP,0.8996581,1,high
8727-XDPUD,0.08480738,0,low
9073-ZZIAY,0.010951874,0,low
5181-OABFK,0.025450278,0,low
3812-LRZIR,0.03296183,0,low
5204-HMGYF,0.09169529,0,low
9950-MTGYX,0.0070921425,0,low
3675-EQOZA,0.22771324,0,low
3646-ITDGM,0.09052517,0,low
3913-FCUUW,0.013163585,0,low
